{
  "version": "2024.1",
  "applications": [],
  "platforms": [
    {
      "name": "design_1_wrapper"
    }
  ],
  "systems": [
    {
      "name": "VDMA_TEST_2_system",
      "platform": "C:/XilinxDev/PBEAI3/EOS_PXL_2025/Pynq-Z2-Video/vitis/design_1_wrapper/export/design_1_wrapper/design_1_wrapper.xpfm",
      "sysConfig": "design_1_wrapper",
      "buildConfig": "Debug",
      "applications": [
        {
          "name": "VDMA_TEST_2",
          "platform": "C:/XilinxDev/PBEAI3/EOS_PXL_2025/Pynq-Z2-Video/vitis/design_1_wrapper/export/design_1_wrapper/design_1_wrapper.xpfm",
          "platformPath": "C:\\XilinxDev\\PBEAI3\\EOS_PXL_2025\\Pynq-Z2-Video\\vitis\\design_1_wrapper\\export\\design_1_wrapper",
          "sysConfig": "design_1_wrapper",
          "domain": "freertos10_xilinx_ps7_cortexa9_0",
          "system": "VDMA_TEST_2_system"
        }
      ],
      "platformPath": "C:\\XilinxDev\\PBEAI3\\EOS_PXL_2025\\Pynq-Z2-Video\\vitis\\design_1_wrapper\\export\\design_1_wrapper"
    }
  ],
  "others": []
}